{
    "collection_name": "starter-pod-small",
    "animated": true,
    "meshes": {
        "static": {
            "file": "models/starter-pod-small_static.obj",
            "offset_from_origin": [
                0.0,
                0.0,
                0.0
            ],
            "texture_material": false,
            "texture_path": null
        },
        "animated": {
            "file": "models/starter-pod-small_animated.obj",
            "offset_from_origin": [
                -1.2999841203509277e-09,
                0.0,
                4.028048515319824
            ],
            "texture_material": false,
            "texture_path": null,
            "animation": {
                "start_position": [
                    -1.2999841203509277e-09,
                    4.028048515319824,
                    -1.7607159463750577e-07
                ],
                "end_position": [
                    -1.2999841203509277e-09,
                    4.028048515319824,
                    -1.7607159463750577e-07
                ],
                "start_rotation": [
                    -0.7071067690849304,
                    -0.0,
                    -0.0,
                    0.7071067690849304
                ],
                "end_rotation": [
                    -0.7071067690849304,
                    6.181723932741079e-08,
                    6.181723932741079e-08,
                    0.7071067690849304
                ],
                "start_scale": [
                    1.0,
                    1.0,
                    1.0
                ],
                "end_scale": [
                    1.0,
                    1.0,
                    1.0
                ]
            }
        }
    }
}