{
    "collection_name": "water-sprinkler-5x5",
    "animated": true,
    "meshes": {
        "static": {
            "file": "models/water-sprinkler-5x5_static.obj",
            "offset_from_origin": [
                0.0,
                0.0,
                0.0
            ],
            "texture_material": false,
            "texture_path": null
        },
        "animated": {
            "file": "models/water-sprinkler-5x5_animated.obj",
            "offset_from_origin": [
                1.1548401346317405e-08,
                2.9802322831784522e-09,
                1.0156269073486328
            ],
            "texture_material": false,
            "texture_path": null,
            "animation": {
                "start_position": [
                    1.1548400458138985e-08,
                    2.9802322831784522e-09,
                    1.0156269073486328
                ],
                "end_position": [
                    1.1548400458138985e-08,
                    2.9802322831784522e-09,
                    1.0156269073486328
                ],
                "start_rotation": [
                    0.0,
                    0.0,
                    0.0,
                    1.0
                ],
                "end_rotation": [
                    0.0,
                    0.0,
                    0.0,
                    1.0
                ],
                "start_scale": [
                    1.0,
                    1.0,
                    1.0
                ],
                "end_scale": [
                    1.0,
                    1.0,
                    1.0
                ]
            }
        }
    }
}